{
  "frequencies": {
    "sys_clk": 0.0004,
    "sys_rst_l": 5.96076505227293e-11,
    "xmit_doneH": 7.927817519522996e-09,
    "rec_readyH_temp": 2.244257846006019e-06,
    "rec_readyH": 2.244257846006019e-06,
    "i": 9.835262336250334e-10,
    "xmitH": 7.868209869000267e-09,
    "next_state": 4.54752726602954e-06,
    "load_shiftRegH": 3.9341049345001336e-09,
    "rst_bitCountH": 3.9341049345001336e-09,
    "xmit_doneInH": 3.9341049345001336e-09,
    "uart_XMIT_dataH": 1.1087022997227649e-08,
    "state": 4.54752726602954e-06,
    "countEnaH": 4.327515427950147e-08,
    "xmitDataSelH": 5.9011574017502e-09,
    "uart_xmitH": 1.1087022997227649e-08,
    "bitCell_cntrH": 2.2918754176261016e-05,
    "ena_bitCountH": 3.147283947600107e-08,
    "shiftEnaH": 3.147283947600107e-08,
    "bitCountH": 1.77034722052506e-08,
    "xmit_ShiftRegH": 1.7792883681034694e-08,
    "xmit_dataH": 3.874497283977404e-09,
    "uart_REC_dataH": 2.5631289724773594e-09,
    "uart_dataH": 2.5631289724773594e-09,
    "data": 4.768612041818344e-10,
    "rec_datSyncH": 2.5631289724773594e-09,
    "rstCountH": 2.5631289724773594e-09,
    "rec_readyInH": 2.244228042180758e-06,
    "rec_datH": 2.5631289724773594e-09,
    "cntr_resetH": 4.508186216684539e-06,
    "rec_data_cntrH_3": 2.2639581745037813e-06,
    "shiftH": 2.0505031779818875e-08,
    "countH": 2.0505031779818875e-08,
    "recd_bitCntrH": 1.1534080376148118e-08,
    "rec_data_cntrH_2": 2.5631289724773594e-09,
    "j": 4.291750837636509e-09
  },
  "transition_counts": {
    "sys_clk": 13421096,
    "sys_rst_l": 2,
    "xmit_doneH": 266,
    "rec_readyH_temp": 75301,
    "rec_readyH": 75301,
    "i": 33,
    "xmitH": 264,
    "next_state": 152582,
    "load_shiftRegH": 132,
    "rst_bitCountH": 132,
    "xmit_doneInH": 132,
    "uart_XMIT_dataH": 372,
    "state": 152582,
    "countEnaH": 1452,
    "xmitDataSelH": 198,
    "uart_xmitH": 372,
    "bitCell_cntrH": 768987,
    "ena_bitCountH": 1056,
    "shiftEnaH": 1056,
    "bitCountH": 594,
    "xmit_ShiftRegH": 597,
    "xmit_dataH": 130,
    "uart_REC_dataH": 86,
    "uart_dataH": 86,
    "data": 16,
    "rec_datSyncH": 86,
    "rstCountH": 86,
    "rec_readyInH": 75300,
    "rec_datH": 86,
    "cntr_resetH": 151262,
    "rec_data_cntrH_3": 75962,
    "shiftH": 688,
    "countH": 688,
    "recd_bitCntrH": 387,
    "rec_data_cntrH_2": 86,
    "j": 144
  }
}